http://www.yanush.co.il/,http://www.yanush.co.il/WEB/8888/NSF/Web/1176/intro.swf?userref=_UserReference=B8BC94B0E907DDAC55DDA8A3
http://www.yanush.co.il/,http://www.yanush.co.il/WEB/8888/NSF/Web/1176/intro.swf?userref=_UserReference=5CF157828685DB854E61B6EE
http://www.yanush.co.il/,http://www.yanush.co.il/WEB/8888/NSF/Web/1176/intro.swf?userref=_UserReference=838DFAC863D85A2F540F507C
http://www.yanush.co.il/,http://www.yanush.co.il/WEB/8888/NSF/Web/1176/logo.swf?button=&userref=_UserReference=52AC123F2AF799BA507F0CA1
http://www.yanush.co.il/,http://www.yanush.co.il/WEB/8888/NSF/Web/1176/intro.swf?userref=_UserReference=5E76FC9850BC0619514B76FF
http://www.yanush.co.il/,http://www.yanush.co.il/WEB/8888/NSF/Web/1176/intro.swf?userref=_UserReference=81D8716C8D39EB435477DBF0
http://www.yanush.co.il/,http://www.yanush.co.il/WEB/8888/NSF/Web/1176/intro.swf?userref=_UserReference=82CFD6626564778A54312794
http://www.yanush.co.il/,http://www.yanush.co.il/WEB/8888/NSF/Web/1176/intro.swf?userref=_UserReference=4AB3CEBC3FF9131B545726BE
http://www.yanush.co.il/,http://www.yanush.co.il/WEB/8888/NSF/Web/1176/intro.swf?userref=_UserReference=C91942E05DAF4539545801B8
http://www.yanush.co.il/,http://www.yanush.co.il/WEB/8888/NSF/Web/1176/intro.swf?userref=_UserReference=2A5936EDAE154937527F0803
http://www.yanush.co.il/,http://www.yanush.co.il/WEB/8888/NSF/Web/1176/intro.swf?userref=_UserReference=C742D6034046286C5476AA1E
http://www.yanush.co.il/,http://www.yanush.co.il/WEB/8888/NSF/Web/1176/intro.swf?userref=_UserReference=745E69413E0A935B55DC80BC
http://www.yanush.co.il/,http://www.yanush.co.il/WEB/8888/NSF/Web/1176/intro.swf?userref=_UserReference=D32FD70C371A983D51C6EF18
http://www.yanush.co.il/,http://www.yanush.co.il/WEB/8888/NSF/Web/1176/intro.swf?userref=_UserReference=86485FE51E09C70F4E4E09FA
http://www.yanush.co.il/,http://www.yanush.co.il/WEB/8888/NSF/Web/1176/intro.swf?userref=_UserReference=2D9CE9A5A59DB3A14FE9ABC2
http://www.yanush.co.il/,http://www.yanush.co.il/WEB/8888/NSF/Web/1176/intro.swf?userref=_UserReference=B8F95B7FE8A34A03536A710F
http://www.yanush.co.il/,http://www.yanush.co.il/WEB/8888/NSF/Web/1176/intro.swf?userref=_UserReference=9DE0280B2D85974951109717
http://www.yanush.co.il/,http://www.yanush.co.il/WEB/8888/NSF/Web/1176/intro.swf?userref=_UserReference=79B457F3FEEA00BB5384D2D5
http://www.yanush.co.il/,http://www.yanush.co.il/WEB/8888/NSF/Web/1176/intro.swf?userref=_UserReference=B04F0AE107944A8B54501C79
http://www.yanush.co.il/,http://www.yanush.co.il/WEB/8888/NSF/Web/1176/intro.swf?userref=_UserReference=D2BDE4EC4680F426507C8A28
http://www.yanush.co.il/,http://www.yanush.co.il/WEB/8888/NSF/Web/1176/intro.swf?userref=_UserReference=463A5BB7B1D5B50553C90AC3
http://www.yanush.co.il/,http://www.yanush.co.il/WEB/8888/NSF/Web/1176/intro.swf?userref=_UserReference=3353298F3EBFD22F559A6618
http://www.yanush.co.il/,http://www.yanush.co.il/WEB/8888/NSF/Web/1176/intro.swf?userref=_UserReference=03CE797A9F36FA7A4F38A9C2
http://www.yanush.co.il/,http://www.yanush.co.il/WEB/8888/NSF/Web/1176/intro.swf?userref=_UserReference=E9C14D52731542495179477E
http://www.yanush.co.il/,http://www.yanush.co.il/WEB/8888/NSF/Web/1176/intro.swf?userref=_UserReference=652469251B38755850EA1915
http://www.yanush.co.il/,http://www.yanush.co.il/WEB/8888/NSF/Web/1176/intro.swf?userref=_UserReference=CE109441C9EBF9B3540F9F43
http://www.yanush.co.il/,http://www.yanush.co.il/WEB/8888/NSF/Web/1176/intro.swf?userref=_UserReference=04ABBD7C9063B8F85485023D
http://www.yanush.co.il/,http://www.yanush.co.il/WEB/8888/NSF/Web/1176/intro.swf?userref=_UserReference=0937DDD61333EDA154450C36
http://www.yanush.co.il/,http://www.yanush.co.il/WEB/8888/NSF/Web/1176/intro.swf?userref=_UserReference=992C04621CCB55D754773B05
http://www.yanush.co.il/,http://www.yanush.co.il/WEB/8888/NSF/Web/1176/intro.swf?userref=_UserReference=426C63CF772E87CE522DE6A6
http://www.yanush.co.il/,http://www.yanush.co.il/WEB/8888/NSF/Web/1176/intro.swf?userref=_UserReference=C6EA32F6A23695C454AE42B9
http://www.yanush.co.il/,http://www.yanush.co.il/WEB/8888/NSF/Web/1176/intro.swf?userref=_UserReference=173E8290F64336A9520FCBD7
http://www.yanush.co.il/,http://www.yanush.co.il/web/8888/nsf/ARCLookup.taf?_function=details&_ID=146850&PF=20&did=1176&G=14842&lang=HE&SM=&_UserReference=6DE106EF672FD8A54D00D44B
http://www.yanush.co.il/,http://www.yanush.co.il/WEB/8888/NSF/Web/1176/intro.swf?userref=_UserReference=A934FD85DE0E27915499DCE0
http://www.yanush.co.il/,http://www.yanush.co.il/WEB/8888/NSF/Web/1176/intro.swf?userref=_UserReference=79565FEABAAE3C6C5068C6D2
http://www.yanush.co.il/,http://www.yanush.co.il/WEB/8888/NSF/Web/1176/intro.swf?userref=_UserReference=A43496FC1065D9CF54BC8B0E
http://www.yanush.co.il/,http://www.yanush.co.il/WEB/8888/NSF/Web/1176/intro.swf?userref=_UserReference=0618802B7B1FEA8252C4A77C
http://www.yanush.co.il/,http://www.yanush.co.il/web/8888/nsf/arclookup.taf?_id=157039&did=1176&title=%20%E9%F0%E5%F9%E1%F1%F7%E9%20%E0.%20%E4%F0%E3%F1%E4%20%E5%E1%F0%E9%EF%20%E1%F2
http://www.yanush.co.il/,http://www.yanush.co.il/WEB/8888/NSF/Web/1176/logo.swf?button=&userref=_UserReference=6C87DC30B327AADD55DD3158
http://www.yanush.co.il/,http://www.yanush.co.il/WEB/8888/NSF/Web/1176/intro.swf?userref=_UserReference=4929945E34A5607A52161450
http://www.yanush.co.il/,http://www.yanush.co.il/WEB/8888/NSF/Web/1176/intro.swf?userref=_UserReference=4292432D25DF37A754BD15A7
http://www.yanush.co.il/,http://www.yanush.co.il/WEB/8888/NSF/Web/1176/intro.swf?userref=_UserReference=C2F7E29775A4A73D54AC554E
http://www.yanush.co.il/,http://www.yanush.co.il/WEB/8888/NSF/Web/1176/intro.swf?userref=_UserReference=45A6F4F79BF6CF3352225C37
http://www.yanush.co.il/,http://www.yanush.co.il/WEB/8888/NSF/Web/1176/intro.swf?userref=_UserReference=9C6ED324A98F1D8754A879E4
http://www.yanush.co.il/,http://www.yanush.co.il/%D7%99%D7%99%D7%96%D7%95%D7%9D-%D7%95%D7%A4%D7%99%D7%AA%D7%95%D7%97/
http://www.yanush.co.il/,http://www.yanush.co.il/WEB/8888/NSF/Web/1176/intro.swf?userref=_UserReference=929AE01723FD5B3D54BCD9A1
http://www.yanush.co.il/,http://www.yanush.co.il/WEB/8888/NSF/Web/1176/intro.swf?userref=_UserReference=624DB0D6346D032053D77EA9
http://www.yanush.co.il/,http://www.yanush.co.il/WEB/8888/NSF/Web/1176/intro.swf?userref=_UserReference=8E1BFC77CB14A127537E0A33
http://www.yanush.co.il/,http://www.yanush.co.il/web/8888/nsf/sbs.py?_id=15546&did=1176&g=15344&title=%F7%E0%F0%E8%F8%E9%20%F7%EC%E0%E1-%20%F8%E0%F9%E5%EF%20%EC%F6%E9%E5%EF
http://www.yanush.co.il/,http://www.yanush.co.il/WEB/8888/NSF/Web/1176/intro.swf?userref=_UserReference=71080EE25DF3359F5108961D
http://www.yanush.co.il/,http://www.yanush.co.il/WEB/8888/NSF/Web/1176/intro.swf?userref=_UserReference=0FA64BF7E6303D7054085C70
http://www.yanush.co.il/,http://www.yanush.co.il/WEB/8888/NSF/Web/1176/logo.swf?button=&userref=_UserReference=794A84276457BC534D324F88
http://www.yanush.co.il/,http://www.yanush.co.il/web/8888/nsf/arclookup.taf?_id=157040&did=1176&title=%E4%E9%E9%EC%F0%E3%20%E9%E9%E6%E5%ED%20%E5%F9%E9%E5%E5%F7%20%F0%E3%EC
http://www.yanush.co.il/,http://www.yanush.co.il/articles/%D7%91%D7%A0%D7%99%D7%99%D7%94-%D7%94%D7%A0%D7%93%D7%A1%D7%94-%D7%95%D7%91%D7%A0%D7%99%D7%99%D7%9F/
http://www.yanush.co.il/,http://www.yanush.co.il/web/8888/nsf/WEB/1176/sban.swf?userref=_UserReference=DC04C5C9872B881456482374
http://www.yanush.co.il/,http://www.yanush.co.il/web/8888/nsf/WEB/1176/sban.swf?userref=_UserReference=7C4BD55498002F7C56449FAE
http://www.yanush.co.il/,http://www.yanush.co.il/web/8888/nsf/WEB/1176/sban.swf?userref=_UserReference=97D38FBDF49E40424D068D33
http://www.yanush.co.il/,http://www.yanush.co.il/WEB/8888/NSF/Web/1176/logo.swf?button=&userref=_UserReference=66A046E392020448566B42C9
http://www.yanush.co.il/,http://www.yanush.co.il/WEB/8888/NSF/Web/1176/intro.swf?userref=_UserReference=F03983B67550960A543AA5E9
http://www.yanush.co.il/,http://www.yanush.co.il/web/8888/nsf/sbs.py?_id=15527&did=1176&g=15344&title=%E1%F8%E9%EB%FA%20%F9%E7%E9%E4%20%F1%E1%E9%E5%EF
http://www.yanush.co.il/,http://www.yanush.co.il/web/8888/nsf/WEB/1176/sban.swf?userref=_UserReference=6D4B3CD3C3EB783B56AC94BC
http://www.yanush.co.il/,http://www.yanush.co.il/WEB/8888/NSF/Web/1176/intro.swf?userref=_UserReference=FD99BE36A74A740454C4408F
http://www.yanush.co.il/,http://www.yanush.co.il/web/8888/nsf/WEB/1176/sban.swf?userref=_UserReference=A28DEF49A6910B26562D314E
http://www.yanush.co.il/,http://www.yanush.co.il/WEB/8888/NSF/Web/1176/logo.swf?button=&userref=_UserReference=069B5884B1E5A7265621D9B9
http://www.yanush.co.il/,http://www.yanush.co.il/WEB/8888/NSF/Web/1176/logo.swf?button=&userref=_UserReference=880E841F79A2700B56A33C1F
http://www.yanush.co.il/,http://www.yanush.co.il/web/8888/nsf/WEB/1176/sban.swf?userref=_UserReference=0F69803837F3DFE956C271EA
http://www.yanush.co.il/,http://www.yanush.co.il/WEB/8888/NSF/Web/1176/intro.swf?userref=_UserReference=32BCD100D7743B6454B1E3BE
http://www.yanush.co.il/,http://www.yanush.co.il/web/8888/nsf/WEB/1176/sban.swf?userref=_UserReference=CD1995CC0B0CBA41569C68DE
http://www.yanush.co.il/,http://www.yanush.co.il/web/8888/nsf/WEB/1176/sban.swf?userref=_UserReference=FAC920B95242E25A56B2A84A
http://www.yanush.co.il/,http://www.yanush.co.il/web/8888/nsf/WEB/1176/sban.swf?userref=_UserReference=DA2F0010854585CA55E92C4A
http://www.yanush.co.il/,http://www.yanush.co.il/web/8888/nsf/WEB/1176/sban.swf?userref=_UserReference=3422CFCABB0BA7B956244E7D
http://www.yanush.co.il/,http://www.yanush.co.il/web/8888/nsf/WEB/1176/sban.swf?userref=_UserReference=2772EEEDB97B4ADB569E538E
http://www.yanush.co.il/,http://www.yanush.co.il/web/8888/nsf/WEB/1176/sban.swf?userref=_UserReference=607DEA4373D4BB60566F754E
http://www.yanush.co.il/,http://www.yanush.co.il/web/8888/nsf/WEB/1176/sban.swf?userref=_UserReference=4C57F51FEE7C011956E9840D
http://www.yanush.co.il/,http://www.yanush.co.il/WEB/8888/NSF/Web/1176/logo.swf?button=&userref=_UserReference=AD6425F20136BDE956F4DE19
http://www.yanush.co.il/,http://www.yanush.co.il/WEB/8888/NSF/Web/1176/logo.swf?button=&userref=_UserReference=A2A9721C0842EACE55D13A66
http://www.yanush.co.il/,http://www.yanush.co.il/web/8888/nsf/WEB/1176/14840Ban.swf?userref=_UserReference=DB7261430277A4DF52C30A02
http://www.yanush.co.il/,http://www.yanush.co.il/web/8888/nsf/arclookup.taf?_id=156890&did=1176&title=%E1%E9%FA%20%F1%F4%F8%20%E7%EE%E3
http://www.yanush.co.il/,http://www.yanush.co.il/WEB/8888/NSF/Web/1176/logo.swf?button=&userref=_UserReference=8D7050B9DEA308CB56D19E37
http://www.yanush.co.il/,http://www.yanush.co.il/web/8888/nsf/arclookup.taf?_id=150440&did=1176&title=%EE%E7%F9%E1%E5%EF%20%E0%E2%F8%E5%FA%20%EC%E4%E9%FA%F8%E9%20%E1%F0%E9%E9%E4
http://www.yanush.co.il/,http://www.yanush.co.il/web/8888/nsf/sbs.py?_id=16020&did=1176&title=%E7%E6%E5%EF%20%E4%E7%E1%F8%E4
http://www.yanush.co.il/,http://www.yanush.co.il/web/8888/nsf/sbs.py?_id=16020&did=1176&g=14840&title=%E7%E6%E5%EF%20%E4%E7%E1%F8%E4
http://www.yanush.co.il/,http://www.yanush.co.il/web/8888/nsf/sbs.py?_ID=16000&G=16000&did=1176&PF=1&lang=HE&_UserReference=343A6EE7626B515C4F12D156
http://www.yanush.co.il/,http://www.yanush.co.il/web/8888/nsf/sbs.py?_ID=16497&G=&did=1176&PF=122&SM=16497&lang=HE&_UserReference=EE3FB71817E22A8A4D7634EA
http://www.yanush.co.il/,http://www.yanush.co.il/web/8888/nsf/WEB/gallery.swf?button=15537&button2=1176&pro=&lang=HE&DOMAIN=yanush.co.il&userref=_UserReference=97D38FBDF49E40424D068D33
http://www.yanush.co.il/,http://www.yanush.co.il/web/8888/nsf/sbs.py?_ID=15344&G=14841&did=1176&PF=1&SM3=15527&SM=15344&lang=HE&_UserReference=E9C711E4155BF9A64D031684
http://www.yanush.co.il/,http://www.yanush.co.il/web/8888/nsf/sbs.py?_ID=15667&did=1176&PF=122&G=14841&SM=15660&SM3=15667&lang=HE&_UserReference=1DFE9902F9CB3FC34D06DA56
http://www.yanush.co.il/,http://www.yanush.co.il/web/8888/nsf/WEB/gallery.swf?button=15551&button2=1176&SUB=&pro=&lang=HE&DOMAIN=yanush.co.il&userref=_UserReference=B7FDA2EAF0F9CC1A56AE66DB
http://www.yanush.co.il/,http://www.yanush.co.il/web/8888/nsf/sbs.py?_ID=15540&G=14841&did=1176&PF=122&SM3=15540&SM=15339&lang=HE&_UserReference=6DE106EF672FD8A54D00D44B
http://www.yanush.co.il/,http://www.yanush.co.il/WEB/8888/NSF/Web/1176/intro.swf?userref=_UserReference=E973CFD88BCAAA0D54A77279
http://www.yanush.co.il/,http://www.yanush.co.il/web/8888/nsf/sbs.py?_id=18349&did=1176&title=22%20%E9%E7
http://www.yanush.co.il/,http://www.yanush.co.il/WEB/8888/NSF/Web/1176/intro.swf?userref=_UserReference=D886A5C075C1AD38512CC7E5
http://www.yanush.co.il/,http://www.yanush.co.il/web/8888/nsf/sbs.py?_ID=14843&did=1176&PF=1&lang=HE&G=14843&_UserReference=47504E4741609A5D4D04DEAD
http://www.yanush.co.il/,http://www.yanush.co.il/WEB/8888/NSF/Web/1176/logo.swf?button=&userref=_UserReference=243B2F27F31B16FC5621DAE0
http://www.yanush.co.il/,http://www.yanush.co.il/web/8888/nsf/WEB/gallery.swf?button=15524&button2=1176&SUB=&pro=&lang=HE&DOMAIN=yanush.co.il&userref=_UserReference=6CDB286ACC6EC06D56CE3E04
http://www.yanush.co.il/,http://www.yanush.co.il/web/8888/nsf/sbs.py?_ID=15494&G=14841&did=1176&PF=1&SM3=15521&SM=15494&lang=HE&_UserReference=6DE106EF672FD8A54D00D44B
http://www.yanush.co.il/,http://www.yanush.co.il/web/8888/nsf/WEB/1176/sban.swf?userref=_UserReference=6A722340A704D50D569C6A1C
http://www.yanush.co.il/,http://www.yanush.co.il/WEB/8888/NSF/Web/1176/logo.swf?button=&userref=_UserReference=BED592A61C6E485256211368
http://www.yanush.co.il/,http://www.yanush.co.il/web/8888/nsf/WEB/1176/sban.swf?userref=_UserReference=E452F9D1C80D235755B6BE38
http://www.yanush.co.il/,http://www.yanush.co.il/web/8888/nsf/sbs.py?_ID=15661&did=1176&PF=122&G=14841&SM=15660&SM3=15661&lang=HE&_UserReference=6DE106EF672FD8A54D00D44B
http://www.yanush.co.il/,http://www.yanush.co.il/WEB/8888/NSF/Web/1176/logo.swf?button=&userref=_UserReference=5E3F3F6FDA4B464C562542DA
http://www.yanush.co.il/,http://www.yanush.co.il/WEB/8888/NSF/Web/1176/logo.swf?button=&userref=_UserReference=411EC7416AC1F61B56B01989
http://www.yanush.co.il/,http://www.yanush.co.il/web/8888/nsf/arclookup.taf?_id=151157&did=1176&title=%E1%F0%E9%E9%FA%20%E1%E9%FA%20%F1%F4%F8%20%E9%F1%E5%E3%E9
http://www.yanush.co.il/,http://www.yanush.co.il/web/8888/nsf/sbs.py?_id=15339&did=1176&g=15339&title=%E1%F0%E9%E9%F0%E9%20%EE%F9%F8%E3%E9%ED
http://www.yanush.co.il/,http://www.yanush.co.il/WEB/8888/NSF/Web/1176/logo.swf?button=&userref=_UserReference=84FA0BA516172BBF56C2014F
http://www.yanush.co.il/,http://www.yanush.co.il/web/8888/nsf/sbs.py?_id=15537&did=1176&g=15339&title=%EC%F9%EB%FA%20%E4%EE%F1%E7%F8
http://www.yanush.co.il/,http://www.yanush.co.il/web/8888/nsf/WEB/1176/sban.swf?userref=_UserReference=47E69DFD81CD69F956A33C54
http://www.yanush.co.il/,http://www.yanush.co.il/WEB/8888/NSF/Web/1176/logo.swf?button=&userref=_UserReference=9C4C35E15042FE0856B9552A
http://www.yanush.co.il/,http://www.yanush.co.il/web/8888/nsf/sbs.py?_id=16586&did=1176&title=%F6%E5%F8%20%F7%F9%F8
http://www.yanush.co.il/,http://www.yanush.co.il/web/8888/nsf/sbs.py?_ID=18521&G=16000&did=1176&PF=1&lang=HE&SM=18521
http://www.yanush.co.il/,http://www.yanush.co.il/web/8888/nsf/WEB/1176/sban.swf?userref=_UserReference=5E3F3F6FDA4B464C562542DA
http://www.yanush.co.il/,http://www.yanush.co.il/web/8888/nsf/WEB/1176/sban.swf?userref=_UserReference=68CDB098561916C255AAB52F
http://www.yanush.co.il/,http://www.yanush.co.il/WEB/8888/NSF/Web/1176/logo.swf?button=&userref=_UserReference=97D38FBDF49E40424D068D33
http://www.yanush.co.il/,http://www.yanush.co.il/index.html
http://www.yanush.co.il/,http://www.yanush.co.il/%D7%A6%D7%95%D7%A8-%D7%A7%D7%A9%D7%A8-2/?%D7%90%D7%99%D7%96%D7%95%D7%A8=%D7%94%D7%A0%D7%93%D7%A1%D7%94-%D7%95%D7%91%D7%A0%D7%99%D7%9F
http://www.yanush.co.il/,http://www.yanush.co.il/web/8888/nsf/sbs.py?_id=15999&did=1176&title=%E4%E9%F1%E8%E5%F8%E9%E4%20%EE%F9%F4%E7%FA%E9%FA
http://www.yanush.co.il/,http://www.yanush.co.il/home.html
http://www.yanush.co.il/,http://www.yanush.co.il/web/8888/nsf/sbs.py?_id=14840&did=1176&title=%E0%E5%E3%E5%FA%E9%F0%E5
http://www.yanush.co.il/,http://www.yanush.co.il/web/8888/nsf/sbs.py?_id=15339&did=1176&title=%E1%F0%E9%E9%F0%E9%20%EE%F9%F8%E3%E9%ED
http://www.yanush.co.il/,http://www.yanush.co.il/web/8888/nsf/sbs.py?_id=15904&did=1176&title=%EE%E1%F6%F2%E9%ED
http://www.yanush.co.il/,http://www.yanush.co.il/web/8888/nsf/sbs.py?_id=15527&did=1176&title=%E1%F8%E9%EB%FA%20%F9%E7%E9%E4%20%F1%E1%E9%E5%EF
http://www.yanush.co.il/,http://www.yanush.co.il/web/8888/nsf/sbs.py?_id=15667&did=1176&title=%E8%E1%F2%20%F4%EC%F0%E8%F7%F1
http://www.yanush.co.il/,http://www.yanush.co.il/%D7%AA%D7%9E%D7%90-38/%D7%A4%D7%A8%D7%95%D7%99%D7%99%D7%A7%D7%98%D7%99%D7%9D-%D7%9C%D7%9E%D7%9B%D7%99%D7%A8%D7%94/feed/
http://www.yanush.co.il/,http://www.yanush.co.il/%D7%A6%D7%95%D7%A8-%D7%A7%D7%A9%D7%A8-2/?%D7%90%D7%99%D7%96%D7%95%D7%A8=%D7%99%D7%99%D7%96%D7%95%D7%9D-%D7%95%D7%A4%D7%99%D7%AA%D7%95%D7%97
http://www.yanush.co.il/,http://www.yanush.co.il/%D7%A6%D7%95%D7%A8-%D7%A7%D7%A9%D7%A8-2/
